序号,链接,节点数
0,https://6lB4tR.absslk.xyz/176657a2940dca0789f88b665f4e91db,0
1,https://ZqndU2.mcsslk.xyz/95890d05eb8f0375cf8abccdf994c3bd,0
2,https://gitlab.com/colloq168/nodefiltrate/-/raw/main/filtrate?ref_type=heads,0
3,https://raw.githubusercontent.com/Alvin9999/pac2/master/clash.meta2/1/config.yaml,0
4,https://raw.githubusercontent.com/Alvin9999/pac2/master/clash.meta2/13/config.yaml,0
5,https://raw.githubusercontent.com/Alvin9999/pac2/master/clash.meta2/15/config.yaml,0
6,https://raw.githubusercontent.com/Alvin9999/pac2/master/clash.meta2/2/config.yaml,0
7,https://raw.githubusercontent.com/Alvin9999/pac2/master/clash.meta2/config.yaml,0
8,https://raw.githubusercontent.com/Huibq/TrojanLinks/master/links/vmess,0
9,https://raw.githubusercontent.com/Surfboardv2ray/TGParse/main/python/hy2,20
10,https://raw.githubusercontent.com/Surfboardv2ray/TGParse/main/python/hysteria2,53
11,https://raw.githubusercontent.com/qjlxg/hy2/main/splitted/hy2,0
12,https://raw.githubusercontent.com/ripaojiedian/freenode/main/clash,16
13,https://raw.githubusercontent.com/ripaojiedian/freenode/main/sub,16
14,https://raw.githubusercontent.com/zhangkaiitugithub/passcro/main/speednodes.yaml,32
15,dynamic://peasoft,0

总计,,80
